Number;Name;Type;HP;Attack;Defense;Speed;Generation;Color;hasGender;Egg_Group;hasMegaEvolution;Catch_Rate;Body_Style;isLegendary
1;Bulbasaur;Grass;45;49;49;45;1;Green;TRUE;Monster;FALSE;45;quadruped;FALSE
2;Ivysaur;Grass;60;62;63;60;1;Green;TRUE;Monster;FALSE;45;quadruped;FALSE
3;Venusaur;Grass;80;82;83;80;1;Green;TRUE;Monster;TRUE;45;quadruped;FALSE
4;Charmander;Fire;39;52;43;65;1;Red;TRUE;Monster;FALSE;45;bipedal_tailed;FALSE
5;Charmeleon;Fire;58;64;58;80;1;Red;TRUE;Monster;FALSE;45;bipedal_tailed;FALSE
6;Charizard;Fire;78;84;78;100;1;Red;TRUE;Monster;TRUE;45;bipedal_tailed;FALSE
7;Squirtle;Water;44;48;65;43;1;Blue;TRUE;Monster;FALSE;45;bipedal_tailed;FALSE
8;Wartortle;Water;59;63;80;58;1;Blue;TRUE;Monster;FALSE;45;bipedal_tailed;FALSE
9;Blastoise;Water;79;83;100;78;1;Blue;TRUE;Monster;TRUE;45;bipedal_tailed;FALSE
10;Caterpie;Bug;45;30;35;45;1;Green;TRUE;Bug;FALSE;255;insectoid;FALSE
11;Metapod;Bug;50;20;55;30;1;Green;TRUE;Bug;FALSE;120;serpentine_body;FALSE
12;Butterfree;Bug;60;45;50;70;1;White;TRUE;Bug;FALSE;45;four_wings;FALSE
13;Weedle;Bug;40;35;30;50;1;Brown;TRUE;Bug;FALSE;255;serpentine_body;FALSE
14;Kakuna;Bug;45;25;50;35;1;Yellow;TRUE;Bug;FALSE;120;serpentine_body;FALSE
15;Beedrill;Bug;65;90;40;75;1;Yellow;TRUE;Bug;TRUE;45;four_wings;FALSE
16;Pidgey;Normal;40;45;40;56;1;Brown;TRUE;Flying;FALSE;255;two_wings;FALSE
17;Pidgeotto;Normal;63;60;55;71;1;Brown;TRUE;Flying;FALSE;120;two_wings;FALSE
18;Pidgeot;Normal;83;80;75;101;1;Brown;TRUE;Flying;TRUE;45;two_wings;FALSE
19;Rattata;Normal;30;56;35;72;1;Purple;TRUE;Field;FALSE;255;quadruped;FALSE
20;Raticate;Normal;55;81;60;97;1;Brown;TRUE;Field;FALSE;127;quadruped;FALSE
21;Spearow;Normal;40;60;30;70;1;Brown;TRUE;Flying;FALSE;255;two_wings;FALSE
22;Fearow;Normal;65;90;65;100;1;Brown;TRUE;Flying;FALSE;90;two_wings;FALSE
23;Ekans;Poison;35;60;44;55;1;Purple;TRUE;Field;FALSE;255;serpentine_body;FALSE
24;Arbok;Poison;60;85;69;80;1;Purple;TRUE;Field;FALSE;90;serpentine_body;FALSE
25;Pikachu;Electric;35;55;40;90;1;Yellow;TRUE;Field;FALSE;190;quadruped;FALSE
26;Raichu;Electric;60;90;55;110;1;Yellow;TRUE;Field;FALSE;75;bipedal_tailed;FALSE
27;Sandshrew;Ground;50;75;85;40;1;Yellow;TRUE;Field;FALSE;255;bipedal_tailed;FALSE
28;Sandslash;Ground;75;100;110;65;1;Yellow;TRUE;Field;FALSE;90;bipedal_tailed;FALSE
29;Nidoran♀;Poison;55;47;52;41;1;Blue;TRUE;Monster;FALSE;235;quadruped;FALSE
30;Nidorina;Poison;70;62;67;56;1;Blue;TRUE;Undiscovered;FALSE;120;quadruped;FALSE
31;Nidoqueen;Poison;90;92;87;76;1;Blue;TRUE;Undiscovered;FALSE;45;bipedal_tailed;FALSE
32;Nidoran♂;Poison;46;57;40;50;1;Purple;TRUE;Monster;FALSE;235;quadruped;FALSE
33;Nidorino;Poison;61;72;57;65;1;Purple;TRUE;Monster;FALSE;120;quadruped;FALSE
34;Nidoking;Poison;81;102;77;85;1;Purple;TRUE;Monster;FALSE;45;bipedal_tailed;FALSE
35;Clefairy;Fairy;70;45;48;35;1;Pink;TRUE;Fairy;FALSE;150;bipedal_tailed;FALSE
36;Clefable;Fairy;95;70;73;60;1;Pink;TRUE;Fairy;FALSE;25;bipedal_tailed;FALSE
37;Vulpix;Fire;38;41;40;65;1;Brown;TRUE;Field;FALSE;190;quadruped;FALSE
38;Ninetales;Fire;73;76;75;100;1;Yellow;TRUE;Field;FALSE;75;quadruped;FALSE
39;Jigglypuff;Normal;115;45;20;20;1;Pink;TRUE;Fairy;FALSE;170;bipedal_tailless;FALSE
40;Wigglytuff;Normal;140;70;45;45;1;Pink;TRUE;Fairy;FALSE;50;bipedal_tailless;FALSE
41;Zubat;Poison;40;45;35;55;1;Purple;TRUE;Flying;FALSE;255;two_wings;FALSE
42;Golbat;Poison;75;80;70;90;1;Purple;TRUE;Flying;FALSE;90;two_wings;FALSE
43;Oddish;Grass;45;50;55;30;1;Blue;TRUE;Grass;FALSE;255;head_legs;FALSE
44;Gloom;Grass;60;65;70;40;1;Blue;TRUE;Grass;FALSE;120;bipedal_tailless;FALSE
45;Vileplume;Grass;75;80;85;50;1;Red;TRUE;Grass;FALSE;45;bipedal_tailless;FALSE
46;Paras;Bug;35;70;55;25;1;Red;TRUE;Bug;FALSE;190;insectoid;FALSE
47;Parasect;Bug;60;95;80;30;1;Red;TRUE;Bug;FALSE;75;insectoid;FALSE
48;Venonat;Bug;60;55;50;45;1;Purple;TRUE;Bug;FALSE;190;bipedal_tailless;FALSE
49;Venomoth;Bug;70;65;60;90;1;Purple;TRUE;Bug;FALSE;75;four_wings;FALSE
50;Diglett;Ground;10;55;25;95;1;Brown;TRUE;Field;FALSE;255;head_base;FALSE
51;Dugtrio;Ground;35;80;50;120;1;Brown;TRUE;Field;FALSE;50;multiple_bodies;FALSE
52;Meowth;Normal;40;45;35;90;1;Yellow;TRUE;Field;FALSE;255;quadruped;FALSE
53;Persian;Normal;65;70;60;115;1;Yellow;TRUE;Field;FALSE;90;quadruped;FALSE
54;Psyduck;Water;50;52;48;55;1;Yellow;TRUE;Water_1;FALSE;190;bipedal_tailed;FALSE
55;Golduck;Water;80;82;78;85;1;Blue;TRUE;Water_1;FALSE;75;bipedal_tailed;FALSE
56;Mankey;Fighting;40;80;35;70;1;Brown;TRUE;Field;FALSE;190;bipedal_tailed;FALSE
57;Primeape;Fighting;65;105;60;95;1;Brown;TRUE;Field;FALSE;75;bipedal_tailed;FALSE
58;Growlithe;Fire;55;70;45;60;1;Brown;TRUE;Field;FALSE;190;quadruped;FALSE
59;Arcanine;Fire;90;110;80;95;1;Brown;TRUE;Field;FALSE;75;quadruped;FALSE
60;Poliwag;Water;40;50;40;90;1;Blue;TRUE;Water_1;FALSE;255;head_legs;FALSE
61;Poliwhirl;Water;65;65;65;90;1;Blue;TRUE;Water_1;FALSE;120;bipedal_tailless;FALSE
62;Poliwrath;Water;90;95;95;70;1;Blue;TRUE;Water_1;FALSE;45;bipedal_tailless;FALSE
63;Abra;Psychic;25;20;15;90;1;Brown;TRUE;Human-Like;FALSE;200;bipedal_tailed;FALSE
64;Kadabra;Psychic;40;35;30;105;1;Brown;TRUE;Human-Like;FALSE;100;bipedal_tailed;FALSE
65;Alakazam;Psychic;55;50;45;120;1;Brown;TRUE;Human-Like;TRUE;50;bipedal_tailless;FALSE
66;Machop;Fighting;70;80;50;35;1;Grey;TRUE;Human-Like;FALSE;180;bipedal_tailed;FALSE
67;Machoke;Fighting;80;100;70;45;1;Grey;TRUE;Human-Like;FALSE;90;bipedal_tailless;FALSE
68;Machamp;Fighting;90;130;80;55;1;Grey;TRUE;Human-Like;FALSE;45;bipedal_tailless;FALSE
69;Bellsprout;Grass;50;75;35;40;1;Green;TRUE;Grass;FALSE;255;bipedal_tailless;FALSE
70;Weepinbell;Grass;65;90;50;55;1;Green;TRUE;Grass;FALSE;120;head_base;FALSE
71;Victreebel;Grass;80;105;65;70;1;Green;TRUE;Grass;FALSE;45;head_base;FALSE
72;Tentacool;Water;40;40;35;70;1;Blue;TRUE;Water_3;FALSE;190;several_limbs;FALSE
73;Tentacruel;Water;80;70;65;100;1;Blue;TRUE;Water_3;FALSE;60;several_limbs;FALSE
74;Geodude;Rock;40;80;100;20;1;Brown;TRUE;Mineral;FALSE;255;head_arms;FALSE
75;Graveler;Rock;55;95;115;35;1;Brown;TRUE;Mineral;FALSE;120;bipedal_tailless;FALSE
76;Golem;Rock;80;120;130;45;1;Brown;TRUE;Mineral;FALSE;45;bipedal_tailless;FALSE
77;Ponyta;Fire;50;85;55;90;1;Yellow;TRUE;Field;FALSE;190;quadruped;FALSE
78;Rapidash;Fire;65;100;70;105;1;Yellow;TRUE;Field;FALSE;60;quadruped;FALSE
79;Slowpoke;Water;90;65;65;15;1;Pink;TRUE;Monster;FALSE;190;quadruped;FALSE
80;Slowbro;Water;95;75;110;30;1;Pink;TRUE;Monster;TRUE;75;bipedal_tailed;FALSE
81;Magnemite;Electric;25;35;70;45;1;Grey;FALSE;Mineral;FALSE;190;head_arms;FALSE
82;Magneton;Electric;50;60;95;70;1;Grey;FALSE;Mineral;FALSE;60;multiple_bodies;FALSE
83;Farfetch'd;Normal;52;65;55;60;1;Brown;TRUE;Flying;FALSE;45;two_wings;FALSE
84;Doduo;Normal;35;85;45;75;1;Brown;TRUE;Flying;FALSE;190;head_legs;FALSE
85;Dodrio;Normal;60;110;70;100;1;Brown;TRUE;Flying;FALSE;45;head_legs;FALSE
86;Seel;Water;65;45;55;45;1;White;TRUE;Water_1;FALSE;190;with_fins;FALSE
87;Dewgong;Water;90;70;80;70;1;White;TRUE;Water_1;FALSE;75;with_fins;FALSE
88;Grimer;Poison;80;80;50;25;1;Purple;TRUE;Amorphous;FALSE;190;head_arms;FALSE
89;Muk;Poison;105;105;75;50;1;Purple;TRUE;Amorphous;FALSE;75;head_arms;FALSE
90;Shellder;Water;30;65;100;40;1;Purple;TRUE;Water_3;FALSE;190;head_only;FALSE
91;Cloyster;Water;50;95;180;70;1;Purple;TRUE;Water_3;FALSE;60;head_only;FALSE
92;Gastly;Ghost;30;35;30;80;1;Purple;TRUE;Amorphous;FALSE;190;head_only;FALSE
93;Haunter;Ghost;45;50;45;95;1;Purple;TRUE;Amorphous;FALSE;90;head_arms;FALSE
94;Gengar;Ghost;60;65;60;110;1;Purple;TRUE;Amorphous;TRUE;45;bipedal_tailed;FALSE
95;Onix;Rock;35;45;160;70;1;Grey;TRUE;Mineral;FALSE;45;serpentine_body;FALSE
96;Drowzee;Psychic;60;48;45;42;1;Yellow;TRUE;Human-Like;FALSE;190;bipedal_tailless;FALSE
97;Hypno;Psychic;85;73;70;67;1;Yellow;TRUE;Human-Like;FALSE;75;bipedal_tailless;FALSE
98;Krabby;Water;30;105;90;50;1;Red;TRUE;Water_3;FALSE;225;insectoid;FALSE
99;Kingler;Water;55;130;115;75;1;Red;TRUE;Water_3;FALSE;60;insectoid;FALSE
100;Voltorb;Electric;40;30;50;100;1;Red;FALSE;Mineral;FALSE;190;head_only;FALSE
101;Electrode;Electric;60;50;70;140;1;Red;FALSE;Mineral;FALSE;60;head_only;FALSE
102;Exeggcute;Grass;60;40;80;40;1;Pink;TRUE;Grass;FALSE;90;multiple_bodies;FALSE
103;Exeggutor;Grass;95;95;85;55;1;Yellow;TRUE;Grass;FALSE;45;head_legs;FALSE
104;Cubone;Ground;50;50;95;35;1;Brown;TRUE;Monster;FALSE;190;bipedal_tailed;FALSE
105;Marowak;Ground;60;80;110;45;1;Brown;TRUE;Monster;FALSE;75;bipedal_tailed;FALSE
106;Hitmonlee;Fighting;50;120;53;87;1;Brown;TRUE;Human-Like;FALSE;45;bipedal_tailless;FALSE
107;Hitmonchan;Fighting;50;105;79;76;1;Brown;TRUE;Human-Like;FALSE;45;bipedal_tailless;FALSE
108;Lickitung;Normal;90;55;75;30;1;Pink;TRUE;Monster;FALSE;45;bipedal_tailed;FALSE
109;Koffing;Poison;40;65;95;35;1;Purple;TRUE;Amorphous;FALSE;190;head_only;FALSE
110;Weezing;Poison;65;90;120;60;1;Purple;TRUE;Amorphous;FALSE;60;multiple_bodies;FALSE
111;Rhyhorn;Ground;80;85;95;25;1;Grey;TRUE;Monster;FALSE;120;quadruped;FALSE
112;Rhydon;Ground;105;130;120;40;1;Grey;TRUE;Monster;FALSE;60;bipedal_tailed;FALSE
113;Chansey;Normal;250;5;5;50;1;Pink;TRUE;Fairy;FALSE;30;bipedal_tailed;FALSE
114;Tangela;Grass;65;55;115;60;1;Blue;TRUE;Grass;FALSE;45;head_legs;FALSE
115;Kangaskhan;Normal;105;95;80;90;1;Brown;TRUE;Monster;TRUE;45;bipedal_tailed;FALSE
116;Horsea;Water;30;40;70;60;1;Blue;TRUE;Water_1;FALSE;225;head_base;FALSE
117;Seadra;Water;55;65;95;85;1;Blue;TRUE;Water_1;FALSE;75;head_base;FALSE
118;Goldeen;Water;45;67;60;63;1;Red;TRUE;Water_2;FALSE;225;with_fins;FALSE
119;Seaking;Water;80;92;65;68;1;Red;TRUE;Water_2;FALSE;60;with_fins;FALSE
120;Staryu;Water;30;45;55;85;1;Brown;FALSE;Water_3;FALSE;225;head_base;FALSE
121;Starmie;Water;60;75;85;115;1;Purple;FALSE;Water_3;FALSE;60;head_base;FALSE
122;Mr._Mime;Psychic;40;45;65;90;1;Pink;TRUE;Human-Like;FALSE;45;bipedal_tailless;FALSE
123;Scyther;Bug;70;110;80;105;1;Green;TRUE;Bug;FALSE;45;four_wings;FALSE
124;Jynx;Ice;65;50;35;95;1;Red;TRUE;Human-Like;FALSE;45;bipedal_tailless;FALSE
125;Electabuzz;Electric;65;83;57;105;1;Yellow;TRUE;Human-Like;FALSE;45;bipedal_tailed;FALSE
126;Magmar;Fire;65;95;57;93;1;Red;TRUE;Human-Like;FALSE;45;bipedal_tailed;FALSE
127;Pinsir;Bug;65;125;100;85;1;Brown;TRUE;Bug;TRUE;45;bipedal_tailless;FALSE
128;Tauros;Normal;75;100;95;110;1;Brown;TRUE;Field;FALSE;45;quadruped;FALSE
129;Magikarp;Water;20;10;55;80;1;Red;TRUE;Water_2;FALSE;255;with_fins;FALSE
130;Gyarados;Water;95;125;79;81;1;Blue;TRUE;Water_2;TRUE;45;serpentine_body;FALSE
131;Lapras;Water;130;85;80;60;1;Blue;TRUE;Monster;FALSE;45;with_fins;FALSE
132;Ditto;Normal;48;48;48;48;1;Purple;FALSE;Ditto;FALSE;35;head_only;FALSE
133;Eevee;Normal;55;55;50;55;1;Brown;TRUE;Field;FALSE;45;quadruped;FALSE
134;Vaporeon;Water;130;65;60;65;1;Blue;TRUE;Field;FALSE;45;quadruped;FALSE
135;Jolteon;Electric;65;65;60;130;1;Yellow;TRUE;Field;FALSE;45;quadruped;FALSE
136;Flareon;Fire;65;130;60;65;1;Red;TRUE;Field;FALSE;45;quadruped;FALSE
137;Porygon;Normal;65;60;70;40;1;Pink;FALSE;Mineral;FALSE;45;head_legs;FALSE
138;Omanyte;Rock;35;40;100;35;1;Blue;TRUE;Water_1;FALSE;45;several_limbs;FALSE
139;Omastar;Rock;70;60;125;55;1;Blue;TRUE;Water_1;FALSE;45;several_limbs;FALSE
140;Kabuto;Rock;30;80;90;55;1;Brown;TRUE;Water_1;FALSE;45;insectoid;FALSE
141;Kabutops;Rock;60;115;105;80;1;Brown;TRUE;Water_1;FALSE;45;bipedal_tailed;FALSE
142;Aerodactyl;Rock;80;105;65;130;1;Purple;TRUE;Flying;TRUE;45;two_wings;FALSE
143;Snorlax;Normal;160;110;65;30;1;Black;TRUE;Monster;FALSE;25;bipedal_tailless;FALSE
144;Articuno;Ice;90;85;100;85;1;Blue;FALSE;Undiscovered;FALSE;3;two_wings;TRUE
145;Zapdos;Electric;90;90;85;100;1;Yellow;FALSE;Undiscovered;FALSE;3;two_wings;TRUE
146;Moltres;Fire;90;100;90;90;1;Yellow;FALSE;Undiscovered;FALSE;3;two_wings;TRUE
147;Dratini;Dragon;41;64;45;50;1;Blue;TRUE;Water_1;FALSE;45;serpentine_body;FALSE
148;Dragonair;Dragon;61;84;65;70;1;Blue;TRUE;Water_1;FALSE;45;serpentine_body;FALSE
149;Dragonite;Dragon;91;134;95;80;1;Brown;TRUE;Water_1;FALSE;45;bipedal_tailed;FALSE
150;Mewtwo;Psychic;106;110;90;130;1;Purple;FALSE;Undiscovered;TRUE;3;bipedal_tailed;TRUE
151;Mew;Psychic;100;100;100;100;1;Pink;FALSE;Undiscovered;FALSE;45;bipedal_tailed;FALSE
152;Chikorita;Grass;45;49;65;45;2;Green;TRUE;Monster;FALSE;45;quadruped;FALSE
153;Bayleef;Grass;60;62;80;60;2;Green;TRUE;Monster;FALSE;45;quadruped;FALSE
154;Meganium;Grass;80;82;100;80;2;Green;TRUE;Monster;FALSE;45;quadruped;FALSE
155;Cyndaquil;Fire;39;52;43;65;2;Yellow;TRUE;Field;FALSE;45;bipedal_tailless;FALSE
156;Quilava;Fire;58;64;58;80;2;Yellow;TRUE;Field;FALSE;45;quadruped;FALSE
157;Typhlosion;Fire;78;84;78;100;2;Yellow;TRUE;Field;FALSE;45;quadruped;FALSE
158;Totodile;Water;50;65;64;43;2;Blue;TRUE;Monster;FALSE;45;bipedal_tailed;FALSE
159;Croconaw;Water;65;80;80;58;2;Blue;TRUE;Monster;FALSE;45;bipedal_tailed;FALSE
160;Feraligatr;Water;85;105;100;78;2;Blue;TRUE;Monster;FALSE;45;bipedal_tailed;FALSE
161;Sentret;Normal;35;46;34;20;2;Brown;TRUE;Field;FALSE;255;quadruped;FALSE
162;Furret;Normal;85;76;64;90;2;Brown;TRUE;Field;FALSE;90;quadruped;FALSE
163;Hoothoot;Normal;60;30;30;50;2;Brown;TRUE;Flying;FALSE;255;two_wings;FALSE
164;Noctowl;Normal;100;50;50;70;2;Brown;TRUE;Flying;FALSE;90;two_wings;FALSE
165;Ledyba;Bug;40;20;30;55;2;Red;TRUE;Bug;FALSE;255;two_wings;FALSE
166;Ledian;Bug;55;35;50;85;2;Red;TRUE;Bug;FALSE;90;two_wings;FALSE
167;Spinarak;Bug;40;60;40;30;2;Green;TRUE;Bug;FALSE;255;insectoid;FALSE
168;Ariados;Bug;70;90;70;40;2;Red;TRUE;Bug;FALSE;90;insectoid;FALSE
169;Crobat;Poison;85;90;80;130;2;Purple;TRUE;Flying;FALSE;90;four_wings;FALSE
170;Chinchou;Water;75;38;38;67;2;Blue;TRUE;Water_2;FALSE;190;with_fins;FALSE
171;Lanturn;Water;125;58;58;67;2;Blue;TRUE;Water_2;FALSE;75;with_fins;FALSE
172;Pichu;Electric;20;40;15;60;2;Yellow;TRUE;Undiscovered;FALSE;190;quadruped;FALSE
173;Cleffa;Fairy;50;25;28;15;2;Pink;TRUE;Undiscovered;FALSE;150;bipedal_tailed;FALSE
174;Igglybuff;Normal;90;30;15;15;2;Pink;TRUE;Undiscovered;FALSE;170;bipedal_tailless;FALSE
175;Togepi;Fairy;35;20;65;20;2;White;TRUE;Undiscovered;FALSE;190;bipedal_tailless;FALSE
176;Togetic;Fairy;55;40;85;40;2;White;TRUE;Flying;FALSE;75;bipedal_tailless;FALSE
177;Natu;Psychic;40;50;45;70;2;Green;TRUE;Flying;FALSE;190;two_wings;FALSE
178;Xatu;Psychic;65;75;70;95;2;Green;TRUE;Flying;FALSE;75;two_wings;FALSE
179;Mareep;Electric;55;40;40;35;2;White;TRUE;Monster;FALSE;235;quadruped;FALSE
180;Flaaffy;Electric;70;55;55;45;2;Pink;TRUE;Monster;FALSE;120;bipedal_tailed;FALSE
181;Ampharos;Electric;90;75;85;55;2;Yellow;TRUE;Monster;TRUE;45;bipedal_tailed;FALSE
182;Bellossom;Grass;75;80;95;50;2;Green;TRUE;Grass;FALSE;45;bipedal_tailless;FALSE
183;Marill;Water;70;20;50;40;2;Blue;TRUE;Water_1;FALSE;190;bipedal_tailed;FALSE
184;Azumarill;Water;100;50;80;50;2;Blue;TRUE;Water_1;FALSE;75;bipedal_tailed;FALSE
185;Sudowoodo;Rock;70;100;115;30;2;Brown;TRUE;Mineral;FALSE;65;bipedal_tailless;FALSE
186;Politoed;Water;90;75;75;70;2;Green;TRUE;Water_1;FALSE;45;bipedal_tailed;FALSE
187;Hoppip;Grass;35;35;40;50;2;Pink;TRUE;Fairy;FALSE;255;bipedal_tailed;FALSE
188;Skiploom;Grass;55;45;50;80;2;Green;TRUE;Fairy;FALSE;120;bipedal_tailed;FALSE
189;Jumpluff;Grass;75;55;70;110;2;Blue;TRUE;Fairy;FALSE;45;bipedal_tailed;FALSE
190;Aipom;Normal;55;70;55;85;2;Purple;TRUE;Field;FALSE;45;bipedal_tailed;FALSE
191;Sunkern;Grass;30;30;30;30;2;Yellow;TRUE;Grass;FALSE;235;head_only;FALSE
192;Sunflora;Grass;75;75;55;30;2;Yellow;TRUE;Grass;FALSE;120;bipedal_tailless;FALSE
193;Yanma;Bug;65;65;45;95;2;Red;TRUE;Bug;FALSE;75;four_wings;FALSE
194;Wooper;Water;55;45;45;15;2;Blue;TRUE;Water_1;FALSE;255;head_legs;FALSE
195;Quagsire;Water;95;85;85;35;2;Blue;TRUE;Water_1;FALSE;90;bipedal_tailed;FALSE
196;Espeon;Psychic;65;65;60;110;2;Purple;TRUE;Field;FALSE;45;quadruped;FALSE
197;Umbreon;Dark;95;65;110;65;2;Black;TRUE;Field;FALSE;45;quadruped;FALSE
198;Murkrow;Dark;60;85;42;91;2;Black;TRUE;Flying;FALSE;30;two_wings;FALSE
199;Slowking;Water;95;75;80;30;2;Pink;TRUE;Monster;FALSE;70;bipedal_tailed;FALSE
200;Misdreavus;Ghost;60;60;60;85;2;Purple;TRUE;Amorphous;FALSE;45;head_only;FALSE
201;Unown;Psychic;48;72;48;48;2;Black;FALSE;Undiscovered;FALSE;225;head_only;FALSE
202;Wobbuffet;Psychic;190;33;58;33;2;Blue;TRUE;Amorphous;FALSE;45;head_base;FALSE
203;Girafarig;Normal;70;80;65;85;2;Yellow;TRUE;Field;FALSE;60;quadruped;FALSE
204;Pineco;Bug;50;65;90;15;2;Grey;TRUE;Bug;FALSE;190;head_only;FALSE
205;Forretress;Bug;75;90;140;40;2;Purple;TRUE;Bug;FALSE;75;head_only;FALSE
206;Dunsparce;Normal;100;70;70;45;2;Yellow;TRUE;Field;FALSE;190;serpentine_body;FALSE
207;Gligar;Ground;65;75;105;85;2;Purple;TRUE;Bug;FALSE;60;two_wings;FALSE
208;Steelix;Steel;75;85;200;30;2;Grey;TRUE;Mineral;TRUE;25;serpentine_body;FALSE
209;Snubbull;Fairy;60;80;50;30;2;Pink;TRUE;Field;FALSE;190;bipedal_tailless;FALSE
210;Granbull;Fairy;90;120;75;45;2;Purple;TRUE;Field;FALSE;75;bipedal_tailed;FALSE
211;Qwilfish;Water;65;95;75;85;2;Grey;TRUE;Water_2;FALSE;45;with_fins;FALSE
212;Scizor;Bug;70;130;100;65;2;Red;TRUE;Bug;TRUE;25;four_wings;FALSE
213;Shuckle;Bug;20;10;230;5;2;Yellow;TRUE;Bug;FALSE;190;insectoid;FALSE
214;Heracross;Bug;80;125;75;85;2;Blue;TRUE;Bug;TRUE;45;bipedal_tailless;FALSE
215;Sneasel;Dark;55;95;55;115;2;Black;TRUE;Field;FALSE;60;bipedal_tailed;FALSE
216;Teddiursa;Normal;60;80;50;40;2;Brown;TRUE;Field;FALSE;120;bipedal_tailed;FALSE
217;Ursaring;Normal;90;130;75;55;2;Brown;TRUE;Field;FALSE;60;bipedal_tailed;FALSE
218;Slugma;Fire;40;40;40;20;2;Red;TRUE;Amorphous;FALSE;190;serpentine_body;FALSE
219;Magcargo;Fire;50;50;120;30;2;Red;TRUE;Amorphous;FALSE;75;serpentine_body;FALSE
220;Swinub;Ice;50;50;40;50;2;Brown;TRUE;Field;FALSE;225;quadruped;FALSE
221;Piloswine;Ice;100;100;80;50;2;Brown;TRUE;Field;FALSE;75;quadruped;FALSE
222;Corsola;Water;55;55;85;35;2;Pink;TRUE;Water_1;FALSE;60;insectoid;FALSE
223;Remoraid;Water;35;65;35;65;2;Grey;TRUE;Water_1;FALSE;190;with_fins;FALSE
224;Octillery;Water;75;105;75;45;2;Red;TRUE;Water_1;FALSE;75;several_limbs;FALSE
225;Delibird;Ice;45;55;45;75;2;Red;TRUE;Water_1;FALSE;45;two_wings;FALSE
226;Mantine;Water;65;40;70;70;2;Purple;TRUE;Water_1;FALSE;25;two_wings;FALSE
227;Skarmory;Steel;65;80;140;70;2;Grey;TRUE;Flying;FALSE;25;two_wings;FALSE
228;Houndour;Dark;45;60;30;65;2;Black;TRUE;Field;FALSE;120;quadruped;FALSE
229;Houndoom;Dark;75;90;50;95;2;Black;TRUE;Field;TRUE;45;quadruped;FALSE
230;Kingdra;Water;75;95;95;85;2;Blue;TRUE;Water_1;FALSE;45;head_base;FALSE
231;Phanpy;Ground;90;60;60;40;2;Blue;TRUE;Field;FALSE;120;quadruped;FALSE
232;Donphan;Ground;90;120;120;50;2;Grey;TRUE;Field;FALSE;60;quadruped;FALSE
233;Porygon2;Normal;85;80;90;60;2;Red;FALSE;Mineral;FALSE;45;head_legs;FALSE
234;Stantler;Normal;73;95;62;85;2;Brown;TRUE;Field;FALSE;45;quadruped;FALSE
235;Smeargle;Normal;55;20;35;75;2;White;TRUE;Field;FALSE;45;bipedal_tailed;FALSE
236;Tyrogue;Fighting;35;35;35;35;2;Purple;TRUE;Undiscovered;FALSE;75;bipedal_tailless;FALSE
237;Hitmontop;Fighting;50;95;95;70;2;Brown;TRUE;Human-Like;FALSE;45;bipedal_tailed;FALSE
238;Smoochum;Ice;45;30;15;65;2;Pink;TRUE;Undiscovered;FALSE;45;bipedal_tailless;FALSE
239;Elekid;Electric;45;63;37;95;2;Yellow;TRUE;Undiscovered;FALSE;45;bipedal_tailless;FALSE
240;Magby;Fire;45;75;37;83;2;Red;TRUE;Undiscovered;FALSE;45;bipedal_tailed;FALSE
241;Miltank;Normal;95;80;105;100;2;Pink;TRUE;Field;FALSE;45;bipedal_tailed;FALSE
242;Blissey;Normal;255;10;10;55;2;Pink;TRUE;Fairy;FALSE;30;bipedal_tailless;FALSE
243;Raikou;Electric;90;85;75;115;2;Yellow;FALSE;Undiscovered;FALSE;3;quadruped;TRUE
244;Entei;Fire;115;115;85;100;2;Brown;FALSE;Undiscovered;FALSE;3;quadruped;TRUE
245;Suicune;Water;100;75;115;85;2;Blue;FALSE;Undiscovered;FALSE;3;quadruped;TRUE
246;Larvitar;Rock;50;64;50;41;2;Green;TRUE;Monster;FALSE;45;bipedal_tailed;FALSE
247;Pupitar;Rock;70;84;70;51;2;Grey;TRUE;Monster;FALSE;45;serpentine_body;FALSE
248;Tyranitar;Rock;100;134;110;61;2;Green;TRUE;Monster;TRUE;45;bipedal_tailed;FALSE
249;Lugia;Psychic;106;90;130;110;2;White;FALSE;Undiscovered;FALSE;3;two_wings;TRUE
250;Ho-Oh;Fire;106;130;90;90;2;Red;FALSE;Undiscovered;FALSE;3;two_wings;TRUE
251;Celebi;Psychic;100;100;100;100;2;Green;FALSE;Undiscovered;FALSE;45;bipedal_tailless;FALSE
252;Treecko;Grass;40;45;35;70;3;Green;TRUE;Monster;FALSE;45;bipedal_tailed;FALSE
253;Grovyle;Grass;50;65;45;95;3;Green;TRUE;Monster;FALSE;45;bipedal_tailed;FALSE
254;Sceptile;Grass;70;85;65;120;3;Green;TRUE;Monster;TRUE;45;bipedal_tailed;FALSE
255;Torchic;Fire;45;60;40;45;3;Red;TRUE;Field;FALSE;45;head_legs;FALSE
256;Combusken;Fire;60;85;60;55;3;Red;TRUE;Field;FALSE;45;bipedal_tailed;FALSE
257;Blaziken;Fire;80;120;70;80;3;Red;TRUE;Field;TRUE;45;bipedal_tailed;FALSE
258;Mudkip;Water;50;70;50;40;3;Blue;TRUE;Monster;FALSE;45;quadruped;FALSE
259;Marshtomp;Water;70;85;70;50;3;Blue;TRUE;Monster;FALSE;45;bipedal_tailed;FALSE
260;Swampert;Water;100;110;90;60;3;Blue;TRUE;Monster;TRUE;45;bipedal_tailed;FALSE
261;Poochyena;Dark;35;55;35;35;3;Grey;TRUE;Field;FALSE;255;quadruped;FALSE
262;Mightyena;Dark;70;90;70;70;3;Grey;TRUE;Field;FALSE;127;quadruped;FALSE
263;Zigzagoon;Normal;38;30;41;60;3;Brown;TRUE;Field;FALSE;255;quadruped;FALSE
264;Linoone;Normal;78;70;61;100;3;White;TRUE;Field;FALSE;90;quadruped;FALSE
265;Wurmple;Bug;45;45;35;20;3;Red;TRUE;Bug;FALSE;255;serpentine_body;FALSE
266;Silcoon;Bug;50;35;55;15;3;White;TRUE;Bug;FALSE;120;head_only;FALSE
267;Beautifly;Bug;60;70;50;65;3;Yellow;TRUE;Bug;FALSE;45;four_wings;FALSE
268;Cascoon;Bug;50;35;55;15;3;Purple;TRUE;Bug;FALSE;120;head_only;FALSE
269;Dustox;Bug;60;50;70;65;3;Green;TRUE;Bug;FALSE;45;four_wings;FALSE
270;Lotad;Water;40;30;30;30;3;Green;TRUE;Water_1;FALSE;255;insectoid;FALSE
271;Lombre;Water;60;50;50;50;3;Green;TRUE;Water_1;FALSE;120;bipedal_tailless;FALSE
272;Ludicolo;Water;80;70;70;70;3;Green;TRUE;Water_1;FALSE;45;bipedal_tailless;FALSE
273;Seedot;Grass;40;40;50;30;3;Brown;TRUE;Field;FALSE;255;head_legs;FALSE
274;Nuzleaf;Grass;70;70;40;60;3;Brown;TRUE;Field;FALSE;120;bipedal_tailless;FALSE
275;Shiftry;Grass;90;100;60;80;3;Brown;TRUE;Field;FALSE;45;bipedal_tailless;FALSE
276;Taillow;Normal;40;55;30;85;3;Blue;TRUE;Flying;FALSE;200;two_wings;FALSE
277;Swellow;Normal;60;85;60;125;3;Blue;TRUE;Flying;FALSE;45;two_wings;FALSE
278;Wingull;Water;40;30;30;85;3;White;TRUE;Water_1;FALSE;190;two_wings;FALSE
279;Pelipper;Water;60;50;100;65;3;Yellow;TRUE;Water_1;FALSE;45;two_wings;FALSE
280;Ralts;Psychic;28;25;25;40;3;White;TRUE;Amorphous;FALSE;235;bipedal_tailless;FALSE
281;Kirlia;Psychic;38;35;35;50;3;White;TRUE;Amorphous;FALSE;120;bipedal_tailless;FALSE
282;Gardevoir;Psychic;68;65;65;80;3;White;TRUE;Amorphous;TRUE;45;bipedal_tailless;FALSE
283;Surskit;Bug;40;30;32;65;3;Blue;TRUE;Water_1;FALSE;200;insectoid;FALSE
284;Masquerain;Bug;70;60;62;60;3;Blue;TRUE;Water_1;FALSE;75;four_wings;FALSE
285;Shroomish;Grass;60;40;60;35;3;Brown;TRUE;Fairy;FALSE;255;head_legs;FALSE
286;Breloom;Grass;60;130;80;70;3;Green;TRUE;Fairy;FALSE;90;bipedal_tailed;FALSE
287;Slakoth;Normal;60;60;60;30;3;Brown;TRUE;Field;FALSE;255;quadruped;FALSE
288;Vigoroth;Normal;80;80;80;90;3;White;TRUE;Field;FALSE;120;bipedal_tailed;FALSE
289;Slaking;Normal;150;160;100;100;3;Brown;TRUE;Field;FALSE;45;bipedal_tailless;FALSE
290;Nincada;Bug;31;45;90;40;3;Grey;TRUE;Bug;FALSE;255;insectoid;FALSE
291;Ninjask;Bug;61;90;45;160;3;Yellow;TRUE;Bug;FALSE;120;four_wings;FALSE
292;Shedinja;Bug;1;90;45;40;3;Brown;FALSE;Mineral;FALSE;45;head_base;FALSE
293;Whismur;Normal;64;51;23;28;3;Pink;TRUE;Monster;FALSE;190;bipedal_tailed;FALSE
294;Loudred;Normal;84;71;43;48;3;Blue;TRUE;Monster;FALSE;120;bipedal_tailed;FALSE
295;Exploud;Normal;104;91;63;68;3;Blue;TRUE;Monster;FALSE;45;bipedal_tailed;FALSE
296;Makuhita;Fighting;72;60;30;25;3;Yellow;TRUE;Human-Like;FALSE;180;bipedal_tailless;FALSE
297;Hariyama;Fighting;144;120;60;50;3;Brown;TRUE;Human-Like;FALSE;200;bipedal_tailless;FALSE
298;Azurill;Normal;50;20;40;20;3;Blue;TRUE;Undiscovered;FALSE;150;head_legs;FALSE
299;Nosepass;Rock;30;45;135;30;3;Grey;TRUE;Mineral;FALSE;255;bipedal_tailless;FALSE
300;Skitty;Normal;50;45;45;50;3;Pink;TRUE;Field;FALSE;255;quadruped;FALSE
301;Delcatty;Normal;70;65;65;70;3;Purple;TRUE;Field;FALSE;60;quadruped;FALSE
302;Sableye;Dark;50;75;75;50;3;Purple;TRUE;Human-Like;TRUE;45;bipedal_tailless;FALSE
303;Mawile;Steel;50;85;85;50;3;Black;TRUE;Field;TRUE;45;bipedal_tailless;FALSE
304;Aron;Steel;50;70;100;30;3;Grey;TRUE;Monster;FALSE;180;quadruped;FALSE
305;Lairon;Steel;60;90;140;40;3;Grey;TRUE;Monster;FALSE;90;quadruped;FALSE
306;Aggron;Steel;70;110;180;50;3;Grey;TRUE;Monster;TRUE;45;bipedal_tailed;FALSE
307;Meditite;Fighting;30;40;55;60;3;Blue;TRUE;Human-Like;FALSE;180;bipedal_tailless;FALSE
308;Medicham;Fighting;60;60;75;80;3;Red;TRUE;Human-Like;TRUE;90;bipedal_tailless;FALSE
309;Electrike;Electric;40;45;40;65;3;Green;TRUE;Field;FALSE;120;quadruped;FALSE
310;Manectric;Electric;70;75;60;105;3;Yellow;TRUE;Field;TRUE;45;quadruped;FALSE
311;Plusle;Electric;60;50;40;95;3;Yellow;TRUE;Fairy;FALSE;200;bipedal_tailed;FALSE
312;Minun;Electric;60;40;50;95;3;Yellow;TRUE;Fairy;FALSE;200;bipedal_tailed;FALSE
313;Volbeat;Bug;65;73;55;85;3;Grey;TRUE;Bug;FALSE;150;bipedal_tailed;FALSE
314;Illumise;Bug;65;47;55;85;3;Purple;TRUE;Bug;FALSE;150;bipedal_tailless;FALSE
315;Roselia;Grass;50;60;45;65;3;Green;TRUE;Fairy;FALSE;150;bipedal_tailless;FALSE
316;Gulpin;Poison;70;43;53;40;3;Green;TRUE;Amorphous;FALSE;225;head_arms;FALSE
317;Swalot;Poison;100;73;83;55;3;Purple;TRUE;Amorphous;FALSE;75;head_arms;FALSE
318;Carvanha;Water;45;90;20;65;3;Red;TRUE;Water_2;FALSE;225;with_fins;FALSE
319;Sharpedo;Water;70;120;40;95;3;Blue;TRUE;Water_2;TRUE;60;with_fins;FALSE
320;Wailmer;Water;130;70;35;60;3;Blue;TRUE;Field;FALSE;125;with_fins;FALSE
321;Wailord;Water;170;90;45;60;3;Blue;TRUE;Field;FALSE;60;with_fins;FALSE
322;Numel;Fire;60;60;40;35;3;Yellow;TRUE;Field;FALSE;255;quadruped;FALSE
323;Camerupt;Fire;70;100;70;40;3;Red;TRUE;Field;TRUE;150;quadruped;FALSE
324;Torkoal;Fire;70;85;140;20;3;Brown;TRUE;Field;FALSE;90;quadruped;FALSE
325;Spoink;Psychic;60;25;35;60;3;Black;TRUE;Field;FALSE;255;head_arms;FALSE
326;Grumpig;Psychic;80;45;65;80;3;Purple;TRUE;Field;FALSE;60;bipedal_tailed;FALSE
327;Spinda;Normal;60;60;60;60;3;Brown;TRUE;Field;FALSE;255;bipedal_tailed;FALSE
328;Trapinch;Ground;45;100;45;10;3;Brown;TRUE;Bug;FALSE;255;insectoid;FALSE
329;Vibrava;Ground;50;70;50;70;3;Green;TRUE;Bug;FALSE;120;four_wings;FALSE
330;Flygon;Ground;80;100;80;100;3;Green;TRUE;Bug;FALSE;45;two_wings;FALSE
331;Cacnea;Grass;50;85;40;35;3;Green;TRUE;Grass;FALSE;190;bipedal_tailless;FALSE
332;Cacturne;Grass;70;115;60;55;3;Green;TRUE;Grass;FALSE;60;bipedal_tailless;FALSE
333;Swablu;Normal;45;40;60;50;3;Blue;TRUE;Flying;FALSE;255;two_wings;FALSE
334;Altaria;Dragon;75;70;90;80;3;Blue;TRUE;Flying;TRUE;45;two_wings;FALSE
335;Zangoose;Normal;73;115;60;90;3;White;TRUE;Field;FALSE;90;bipedal_tailed;FALSE
336;Seviper;Poison;73;100;60;65;3;Black;TRUE;Field;FALSE;90;serpentine_body;FALSE
337;Lunatone;Rock;70;55;65;70;3;Yellow;FALSE;Mineral;FALSE;45;head_only;FALSE
338;Solrock;Rock;70;95;85;70;3;Red;FALSE;Mineral;FALSE;45;head_only;FALSE
339;Barboach;Water;50;48;43;60;3;Grey;TRUE;Water_2;FALSE;190;with_fins;FALSE
340;Whiscash;Water;110;78;73;60;3;Blue;TRUE;Water_2;FALSE;75;with_fins;FALSE
341;Corphish;Water;43;80;65;35;3;Red;TRUE;Water_1;FALSE;205;insectoid;FALSE
342;Crawdaunt;Water;63;120;85;55;3;Red;TRUE;Water_1;FALSE;155;insectoid;FALSE
343;Baltoy;Ground;40;40;55;55;3;Brown;FALSE;Mineral;FALSE;255;head_arms;FALSE
344;Claydol;Ground;60;70;105;75;3;Black;FALSE;Mineral;FALSE;90;head_arms;FALSE
345;Lileep;Rock;66;41;77;23;3;Purple;TRUE;Water_3;FALSE;45;head_base;FALSE
346;Cradily;Rock;86;81;97;43;3;Green;TRUE;Water_3;FALSE;45;head_base;FALSE
347;Anorith;Rock;45;95;50;75;3;Grey;TRUE;Water_3;FALSE;45;insectoid;FALSE
348;Armaldo;Rock;75;125;100;45;3;Grey;TRUE;Water_3;FALSE;45;bipedal_tailed;FALSE
349;Feebas;Water;20;15;20;80;3;Brown;TRUE;Water_1;FALSE;255;with_fins;FALSE
350;Milotic;Water;95;60;79;81;3;Pink;TRUE;Water_1;FALSE;60;serpentine_body;FALSE
351;Castform;Normal;70;70;70;70;3;White;TRUE;Fairy;FALSE;45;head_only;FALSE
352;Kecleon;Normal;60;90;70;40;3;Green;TRUE;Field;FALSE;200;bipedal_tailed;FALSE
353;Shuppet;Ghost;44;75;35;45;3;Black;TRUE;Amorphous;FALSE;225;head_only;FALSE
354;Banette;Ghost;64;115;65;65;3;Black;TRUE;Amorphous;TRUE;45;bipedal_tailed;FALSE
355;Duskull;Ghost;20;40;90;25;3;Black;TRUE;Amorphous;FALSE;190;head_arms;FALSE
356;Dusclops;Ghost;40;70;130;25;3;Black;TRUE;Amorphous;FALSE;90;bipedal_tailless;FALSE
357;Tropius;Grass;99;68;83;51;3;Green;TRUE;Monster;FALSE;200;quadruped;FALSE
358;Chimecho;Psychic;65;50;70;65;3;Blue;TRUE;Amorphous;FALSE;45;head_arms;FALSE
359;Absol;Dark;65;130;60;75;3;White;TRUE;Field;TRUE;30;quadruped;FALSE
360;Wynaut;Psychic;95;23;48;23;3;Blue;TRUE;Undiscovered;FALSE;125;bipedal_tailed;FALSE
361;Snorunt;Ice;50;50;50;50;3;Grey;TRUE;Fairy;FALSE;190;bipedal_tailless;FALSE
362;Glalie;Ice;80;80;80;80;3;Grey;TRUE;Fairy;TRUE;75;head_only;FALSE
363;Spheal;Ice;70;40;50;25;3;Blue;TRUE;Water_1;FALSE;255;with_fins;FALSE
364;Sealeo;Ice;90;60;70;45;3;Blue;TRUE;Water_1;FALSE;120;with_fins;FALSE
365;Walrein;Ice;110;80;90;65;3;Blue;TRUE;Water_1;FALSE;45;quadruped;FALSE
366;Clamperl;Water;35;64;85;32;3;Blue;TRUE;Water_1;FALSE;255;head_only;FALSE
367;Huntail;Water;55;104;105;52;3;Blue;TRUE;Water_1;FALSE;60;serpentine_body;FALSE
368;Gorebyss;Water;55;84;105;52;3;Pink;TRUE;Water_1;FALSE;60;serpentine_body;FALSE
369;Relicanth;Water;100;90;130;55;3;Grey;TRUE;Water_1;FALSE;25;with_fins;FALSE
370;Luvdisc;Water;43;30;55;97;3;Pink;TRUE;Water_2;FALSE;225;with_fins;FALSE
371;Bagon;Dragon;45;75;60;50;3;Blue;TRUE;Dragon;FALSE;45;bipedal_tailless;FALSE
372;Shelgon;Dragon;65;95;100;50;3;White;TRUE;Dragon;FALSE;45;quadruped;FALSE
373;Salamence;Dragon;95;135;80;100;3;Blue;TRUE;Dragon;TRUE;45;quadruped;FALSE
374;Beldum;Steel;40;55;80;30;3;Blue;FALSE;Mineral;FALSE;3;head_base;FALSE
375;Metang;Steel;60;75;100;50;3;Blue;FALSE;Mineral;FALSE;3;head_arms;FALSE
376;Metagross;Steel;80;135;130;70;3;Blue;FALSE;Mineral;TRUE;3;multiple_bodies;FALSE
377;Regirock;Rock;80;100;200;50;3;Brown;FALSE;Undiscovered;FALSE;3;bipedal_tailless;TRUE
378;Regice;Ice;80;50;100;50;3;Blue;FALSE;Undiscovered;FALSE;3;bipedal_tailless;TRUE
379;Registeel;Steel;80;75;150;50;3;Grey;FALSE;Undiscovered;FALSE;3;bipedal_tailless;TRUE
380;Latias;Dragon;80;80;90;110;3;Red;TRUE;Undiscovered;TRUE;3;two_wings;TRUE
381;Latios;Dragon;80;90;80;110;3;Blue;TRUE;Undiscovered;TRUE;3;two_wings;TRUE
382;Kyogre;Water;100;100;90;90;3;Blue;FALSE;Undiscovered;FALSE;3;with_fins;TRUE
383;Groudon;Ground;100;150;140;90;3;Red;FALSE;Undiscovered;FALSE;3;bipedal_tailed;TRUE
384;Rayquaza;Dragon;105;150;90;95;3;Green;FALSE;Undiscovered;TRUE;45;serpentine_body;TRUE
385;Jirachi;Steel;100;100;100;100;3;Yellow;FALSE;Undiscovered;FALSE;3;bipedal_tailless;TRUE
386;Deoxys;Psychic;50;150;50;150;3;Red;FALSE;Undiscovered;FALSE;3;bipedal_tailless;TRUE
387;Turtwig;Grass;55;68;64;31;4;Green;TRUE;Monster;FALSE;45;quadruped;FALSE
388;Grotle;Grass;75;89;85;36;4;Green;TRUE;Monster;FALSE;45;quadruped;FALSE
389;Torterra;Grass;95;109;105;56;4;Green;TRUE;Monster;FALSE;45;quadruped;FALSE
390;Chimchar;Fire;44;58;44;61;4;Brown;TRUE;Field;FALSE;45;bipedal_tailed;FALSE
391;Monferno;Fire;64;78;52;81;4;Brown;TRUE;Field;FALSE;45;bipedal_tailed;FALSE
392;Infernape;Fire;76;104;71;108;4;Brown;TRUE;Field;FALSE;45;bipedal_tailed;FALSE
393;Piplup;Water;53;51;53;40;4;Blue;TRUE;Water_1;FALSE;45;bipedal_tailless;FALSE
394;Prinplup;Water;64;66;68;50;4;Blue;TRUE;Water_1;FALSE;45;bipedal_tailed;FALSE
395;Empoleon;Water;84;86;88;60;4;Blue;TRUE;Water_1;FALSE;45;bipedal_tailed;FALSE
396;Starly;Normal;40;55;30;60;4;Brown;TRUE;Flying;FALSE;255;two_wings;FALSE
397;Staravia;Normal;55;75;50;80;4;Brown;TRUE;Flying;FALSE;120;two_wings;FALSE
398;Staraptor;Normal;85;120;70;100;4;Brown;TRUE;Flying;FALSE;45;two_wings;FALSE
399;Bidoof;Normal;59;45;40;31;4;Brown;TRUE;Water_1;FALSE;255;quadruped;FALSE
400;Bibarel;Normal;79;85;60;71;4;Brown;TRUE;Water_1;FALSE;127;bipedal_tailed;FALSE
401;Kricketot;Bug;37;25;41;25;4;Red;TRUE;Bug;FALSE;255;bipedal_tailless;FALSE
402;Kricketune;Bug;77;85;51;65;4;Red;TRUE;Bug;FALSE;45;four_wings;FALSE
403;Shinx;Electric;45;65;34;45;4;Blue;TRUE;Field;FALSE;235;quadruped;FALSE
404;Luxio;Electric;60;85;49;60;4;Blue;TRUE;Field;FALSE;120;quadruped;FALSE
405;Luxray;Electric;80;120;79;70;4;Blue;TRUE;Field;FALSE;45;quadruped;FALSE
406;Budew;Grass;40;30;35;55;4;Green;TRUE;Undiscovered;FALSE;255;bipedal_tailless;FALSE
407;Roserade;Grass;60;70;65;90;4;Green;TRUE;Fairy;FALSE;75;bipedal_tailless;FALSE
408;Cranidos;Rock;67;125;40;58;4;Blue;TRUE;Monster;FALSE;45;bipedal_tailed;FALSE
409;Rampardos;Rock;97;165;60;58;4;Blue;TRUE;Monster;FALSE;45;bipedal_tailed;FALSE
410;Shieldon;Rock;30;42;118;30;4;Grey;TRUE;Monster;FALSE;45;quadruped;FALSE
411;Bastiodon;Rock;60;52;168;30;4;Grey;TRUE;Monster;FALSE;45;quadruped;FALSE
412;Burmy;Bug;40;29;45;36;4;Grey;TRUE;Bug;FALSE;120;head_base;FALSE
413;Wormadam;Bug;60;59;85;36;4;Grey;TRUE;Bug;FALSE;45;head_base;FALSE
414;Mothim;Bug;70;94;50;66;4;Yellow;TRUE;Bug;FALSE;45;four_wings;FALSE
415;Combee;Bug;30;30;42;70;4;Yellow;TRUE;Bug;FALSE;120;multiple_bodies;FALSE
416;Vespiquen;Bug;70;80;102;40;4;Yellow;TRUE;Bug;FALSE;45;four_wings;FALSE
417;Pachirisu;Electric;60;45;70;95;4;White;TRUE;Field;FALSE;200;quadruped;FALSE
418;Buizel;Water;55;65;35;85;4;Brown;TRUE;Water_1;FALSE;190;quadruped;FALSE
419;Floatzel;Water;85;105;55;115;4;Brown;TRUE;Water_1;FALSE;75;quadruped;FALSE
420;Cherubi;Grass;45;35;45;35;4;Pink;TRUE;Fairy;FALSE;190;multiple_bodies;FALSE
421;Cherrim;Grass;70;60;70;85;4;Pink;TRUE;Fairy;FALSE;75;head_legs;FALSE
422;Shellos;Water;76;48;48;34;4;Purple;TRUE;Water_1;FALSE;190;serpentine_body;FALSE
423;Gastrodon;Water;111;83;68;39;4;Purple;TRUE;Water_1;FALSE;75;serpentine_body;FALSE
424;Ambipom;Normal;75;100;66;115;4;Purple;TRUE;Field;FALSE;45;bipedal_tailed;FALSE
425;Drifloon;Ghost;90;50;34;70;4;Purple;TRUE;Amorphous;FALSE;125;head_arms;FALSE
426;Drifblim;Ghost;150;80;44;80;4;Purple;TRUE;Amorphous;FALSE;60;head_arms;FALSE
427;Buneary;Normal;55;66;44;85;4;Brown;TRUE;Field;FALSE;190;bipedal_tailed;FALSE
428;Lopunny;Normal;65;76;84;105;4;Brown;TRUE;Field;TRUE;60;bipedal_tailed;FALSE
429;Mismagius;Ghost;60;60;60;105;4;Purple;TRUE;Amorphous;FALSE;45;head_only;FALSE
430;Honchkrow;Dark;100;125;52;71;4;Black;TRUE;Flying;FALSE;30;two_wings;FALSE
431;Glameow;Normal;49;55;42;85;4;Grey;TRUE;Field;FALSE;190;quadruped;FALSE
432;Purugly;Normal;71;82;64;112;4;Grey;TRUE;Field;FALSE;75;quadruped;FALSE
433;Chingling;Psychic;45;30;50;45;4;Yellow;TRUE;Undiscovered;FALSE;120;bipedal_tailless;FALSE
434;Stunky;Poison;63;63;47;74;4;Purple;TRUE;Field;FALSE;225;quadruped;FALSE
435;Skuntank;Poison;103;93;67;84;4;Purple;TRUE;Field;FALSE;60;quadruped;FALSE
436;Bronzor;Steel;57;24;86;23;4;Green;FALSE;Mineral;FALSE;255;head_only;FALSE
437;Bronzong;Steel;67;89;116;33;4;Green;FALSE;Mineral;FALSE;90;head_arms;FALSE
438;Bonsly;Rock;50;80;95;10;4;Brown;TRUE;Undiscovered;FALSE;255;head_legs;FALSE
439;Mime_Jr.;Psychic;20;25;45;60;4;Pink;TRUE;Undiscovered;FALSE;145;bipedal_tailless;FALSE
440;Happiny;Normal;100;5;5;30;4;Pink;TRUE;Undiscovered;FALSE;130;bipedal_tailless;FALSE
441;Chatot;Normal;76;65;45;91;4;Black;TRUE;Flying;FALSE;30;two_wings;FALSE
442;Spiritomb;Ghost;50;92;108;35;4;Purple;TRUE;Amorphous;FALSE;100;head_base;FALSE
443;Gible;Dragon;58;70;45;42;4;Blue;TRUE;Monster;FALSE;45;bipedal_tailed;FALSE
444;Gabite;Dragon;68;90;65;82;4;Blue;TRUE;Monster;FALSE;45;bipedal_tailed;FALSE
445;Garchomp;Dragon;108;130;95;102;4;Blue;TRUE;Monster;TRUE;45;bipedal_tailed;FALSE
446;Munchlax;Normal;135;85;40;5;4;Black;TRUE;Undiscovered;FALSE;50;bipedal_tailless;FALSE
447;Riolu;Fighting;40;70;40;60;4;Blue;TRUE;Undiscovered;FALSE;75;bipedal_tailed;FALSE
448;Lucario;Fighting;70;110;70;90;4;Blue;TRUE;Field;TRUE;45;bipedal_tailed;FALSE
449;Hippopotas;Ground;68;72;78;32;4;Brown;TRUE;Field;FALSE;140;quadruped;FALSE
450;Hippowdon;Ground;108;112;118;47;4;Brown;TRUE;Field;FALSE;60;quadruped;FALSE
451;Skorupi;Poison;40;50;90;65;4;Purple;TRUE;Bug;FALSE;120;insectoid;FALSE
452;Drapion;Poison;70;90;110;95;4;Purple;TRUE;Bug;FALSE;45;insectoid;FALSE
453;Croagunk;Poison;48;61;40;50;4;Blue;TRUE;Human-Like;FALSE;140;bipedal_tailless;FALSE
454;Toxicroak;Poison;83;106;65;85;4;Blue;TRUE;Human-Like;FALSE;75;bipedal_tailless;FALSE
455;Carnivine;Grass;74;100;72;46;4;Green;TRUE;Grass;FALSE;200;several_limbs;FALSE
456;Finneon;Water;49;49;56;66;4;Blue;TRUE;Water_2;FALSE;190;with_fins;FALSE
457;Lumineon;Water;69;69;76;91;4;Blue;TRUE;Water_2;FALSE;75;with_fins;FALSE
458;Mantyke;Water;45;20;50;50;4;Blue;TRUE;Undiscovered;FALSE;25;two_wings;FALSE
459;Snover;Grass;60;62;50;40;4;White;TRUE;Monster;FALSE;120;bipedal_tailed;FALSE
460;Abomasnow;Grass;90;92;75;60;4;White;TRUE;Monster;TRUE;60;bipedal_tailed;FALSE
461;Weavile;Dark;70;120;65;125;4;Black;TRUE;Field;FALSE;45;bipedal_tailed;FALSE
462;Magnezone;Electric;70;70;115;60;4;Grey;FALSE;Mineral;FALSE;30;head_arms;FALSE
463;Lickilicky;Normal;110;85;95;50;4;Pink;TRUE;Monster;FALSE;30;bipedal_tailless;FALSE
464;Rhyperior;Ground;115;140;130;40;4;Grey;TRUE;Monster;FALSE;30;bipedal_tailed;FALSE
465;Tangrowth;Grass;100;100;125;50;4;Blue;TRUE;Grass;FALSE;30;bipedal_tailless;FALSE
466;Electivire;Electric;75;123;67;95;4;Yellow;TRUE;Human-Like;FALSE;30;bipedal_tailed;FALSE
467;Magmortar;Fire;75;95;67;83;4;Red;TRUE;Human-Like;FALSE;30;bipedal_tailed;FALSE
468;Togekiss;Fairy;85;50;95;80;4;White;TRUE;Flying;FALSE;30;two_wings;FALSE
469;Yanmega;Bug;86;76;86;95;4;Green;TRUE;Bug;FALSE;30;four_wings;FALSE
470;Leafeon;Grass;65;110;130;95;4;Green;TRUE;Field;FALSE;45;quadruped;FALSE
471;Glaceon;Ice;65;60;110;65;4;Blue;TRUE;Field;FALSE;45;quadruped;FALSE
472;Gliscor;Ground;75;95;125;95;4;Purple;TRUE;Bug;FALSE;30;two_wings;FALSE
473;Mamoswine;Ice;110;130;80;80;4;Brown;TRUE;Field;FALSE;50;quadruped;FALSE
474;Porygon-Z;Normal;85;80;70;90;4;Red;FALSE;Mineral;FALSE;30;head_arms;FALSE
475;Gallade;Psychic;68;125;65;80;4;White;TRUE;Amorphous;TRUE;45;bipedal_tailless;FALSE
476;Probopass;Rock;60;55;145;40;4;Grey;TRUE;Mineral;FALSE;60;multiple_bodies;FALSE
477;Dusknoir;Ghost;45;100;135;45;4;Black;TRUE;Amorphous;FALSE;45;head_arms;FALSE
478;Froslass;Ice;70;80;70;110;4;White;TRUE;Fairy;FALSE;75;head_arms;FALSE
479;Rotom;Electric;50;50;77;91;4;Red;FALSE;Amorphous;FALSE;45;head_only;FALSE
480;Uxie;Psychic;75;75;130;95;4;Yellow;FALSE;Undiscovered;FALSE;3;bipedal_tailed;TRUE
481;Mesprit;Psychic;80;105;105;80;4;Pink;FALSE;Undiscovered;FALSE;3;bipedal_tailed;TRUE
482;Azelf;Psychic;75;125;70;115;4;Blue;FALSE;Undiscovered;FALSE;3;bipedal_tailed;TRUE
483;Dialga;Steel;100;120;120;90;4;White;FALSE;Undiscovered;FALSE;3;quadruped;TRUE
484;Palkia;Water;90;120;100;100;4;Purple;FALSE;Undiscovered;FALSE;3;bipedal_tailed;TRUE
485;Heatran;Fire;91;90;106;77;4;Brown;TRUE;Undiscovered;FALSE;3;quadruped;TRUE
486;Regigigas;Normal;110;160;110;100;4;White;FALSE;Undiscovered;FALSE;3;bipedal_tailless;TRUE
487;Giratina;Ghost;150;120;100;90;4;Black;FALSE;Undiscovered;FALSE;3;serpentine_body;TRUE
488;Cresselia;Psychic;120;70;120;85;4;Yellow;TRUE;Undiscovered;FALSE;3;serpentine_body;FALSE
489;Phione;Water;80;80;80;80;4;Blue;FALSE;Water_1;FALSE;30;head_arms;FALSE
490;Manaphy;Water;100;100;100;100;4;Blue;FALSE;Water_1;FALSE;3;bipedal_tailless;FALSE
491;Darkrai;Dark;70;90;90;125;4;Black;FALSE;Undiscovered;FALSE;3;bipedal_tailless;TRUE
492;Shaymin;Grass;100;100;100;100;4;Green;FALSE;Undiscovered;FALSE;45;quadruped;TRUE
493;Arceus;Normal;120;120;120;120;4;Grey;FALSE;Undiscovered;FALSE;3;quadruped;TRUE
494;Victini;Psychic;100;100;100;100;5;Yellow;FALSE;Undiscovered;FALSE;3;bipedal_tailless;TRUE
495;Snivy;Grass;45;45;55;63;5;Green;TRUE;Field;FALSE;45;bipedal_tailed;FALSE
496;Servine;Grass;60;60;75;83;5;Green;TRUE;Field;FALSE;45;bipedal_tailed;FALSE
497;Serperior;Grass;75;75;95;113;5;Green;TRUE;Field;FALSE;45;serpentine_body;FALSE
498;Tepig;Fire;65;63;45;45;5;Red;TRUE;Field;FALSE;45;quadruped;FALSE
499;Pignite;Fire;90;93;55;55;5;Red;TRUE;Field;FALSE;45;bipedal_tailed;FALSE
500;Emboar;Fire;110;123;65;65;5;Red;TRUE;Field;FALSE;45;bipedal_tailed;FALSE
501;Oshawott;Water;55;55;45;45;5;Blue;TRUE;Field;FALSE;45;bipedal_tailed;FALSE
502;Dewott;Water;75;75;60;60;5;Blue;TRUE;Field;FALSE;45;bipedal_tailed;FALSE
503;Samurott;Water;95;100;85;70;5;Blue;TRUE;Field;FALSE;45;quadruped;FALSE
504;Patrat;Normal;45;55;39;42;5;Brown;TRUE;Field;FALSE;255;quadruped;FALSE
505;Watchog;Normal;60;85;69;77;5;Brown;TRUE;Field;FALSE;255;bipedal_tailed;FALSE
506;Lillipup;Normal;45;60;45;55;5;Brown;TRUE;Field;FALSE;255;quadruped;FALSE
507;Herdier;Normal;65;80;65;60;5;Grey;TRUE;Field;FALSE;120;quadruped;FALSE
508;Stoutland;Normal;85;110;90;80;5;Grey;TRUE;Field;FALSE;45;quadruped;FALSE
509;Purrloin;Dark;41;50;37;66;5;Purple;TRUE;Field;FALSE;255;quadruped;FALSE
510;Liepard;Dark;64;88;50;106;5;Purple;TRUE;Field;FALSE;90;quadruped;FALSE
511;Pansage;Grass;50;53;48;64;5;Green;TRUE;Field;FALSE;190;bipedal_tailed;FALSE
512;Simisage;Grass;75;98;63;101;5;Green;TRUE;Field;FALSE;75;bipedal_tailed;FALSE
513;Pansear;Fire;50;53;48;64;5;Red;TRUE;Field;FALSE;190;bipedal_tailed;FALSE
514;Simisear;Fire;75;98;63;101;5;Red;TRUE;Field;FALSE;75;bipedal_tailed;FALSE
515;Panpour;Water;50;53;48;64;5;Blue;TRUE;Field;FALSE;190;bipedal_tailed;FALSE
516;Simipour;Water;75;98;63;101;5;Blue;TRUE;Field;FALSE;75;bipedal_tailed;FALSE
517;Munna;Psychic;76;25;45;24;5;Pink;TRUE;Field;FALSE;190;quadruped;FALSE
518;Musharna;Psychic;116;55;85;29;5;Pink;TRUE;Field;FALSE;75;bipedal_tailless;FALSE
519;Pidove;Normal;50;55;50;43;5;Grey;TRUE;Flying;FALSE;255;two_wings;FALSE
520;Tranquill;Normal;62;77;62;65;5;Grey;TRUE;Flying;FALSE;120;two_wings;FALSE
521;Unfezant;Normal;80;115;80;93;5;Grey;TRUE;Flying;FALSE;45;two_wings;FALSE
522;Blitzle;Electric;45;60;32;76;5;Black;TRUE;Field;FALSE;190;quadruped;FALSE
523;Zebstrika;Electric;75;100;63;116;5;Black;TRUE;Field;FALSE;75;quadruped;FALSE
524;Roggenrola;Rock;55;75;85;15;5;Blue;TRUE;Mineral;FALSE;255;head_legs;FALSE
525;Boldore;Rock;70;105;105;20;5;Blue;TRUE;Mineral;FALSE;120;several_limbs;FALSE
526;Gigalith;Rock;85;135;130;25;5;Blue;TRUE;Mineral;FALSE;45;several_limbs;FALSE
527;Woobat;Psychic;55;45;43;72;5;Blue;TRUE;Field;FALSE;190;two_wings;FALSE
528;Swoobat;Psychic;67;57;55;114;5;Blue;TRUE;Field;FALSE;45;two_wings;FALSE
529;Drilbur;Ground;60;85;40;68;5;Grey;TRUE;Field;FALSE;120;bipedal_tailed;FALSE
530;Excadrill;Ground;110;135;60;88;5;Grey;TRUE;Field;FALSE;60;bipedal_tailless;FALSE
531;Audino;Normal;103;60;86;50;5;Pink;TRUE;Fairy;TRUE;255;bipedal_tailed;FALSE
532;Timburr;Fighting;75;80;55;35;5;Grey;TRUE;Human-Like;FALSE;180;bipedal_tailless;FALSE
533;Gurdurr;Fighting;85;105;85;40;5;Grey;TRUE;Human-Like;FALSE;90;bipedal_tailless;FALSE
534;Conkeldurr;Fighting;105;140;95;45;5;Grey;TRUE;Human-Like;FALSE;45;bipedal_tailless;FALSE
535;Tympole;Water;50;50;40;64;5;Blue;TRUE;Water_1;FALSE;255;with_fins;FALSE
536;Palpitoad;Water;75;65;55;69;5;Blue;TRUE;Water_1;FALSE;120;bipedal_tailed;FALSE
537;Seismitoad;Water;105;95;75;74;5;Blue;TRUE;Water_1;FALSE;45;bipedal_tailless;FALSE
538;Throh;Fighting;120;100;85;45;5;Red;TRUE;Human-Like;FALSE;45;bipedal_tailless;FALSE
539;Sawk;Fighting;75;125;75;85;5;Blue;TRUE;Human-Like;FALSE;45;bipedal_tailless;FALSE
540;Sewaddle;Bug;45;53;70;42;5;Yellow;TRUE;Bug;FALSE;255;insectoid;FALSE
541;Swadloon;Bug;55;63;90;42;5;Green;TRUE;Bug;FALSE;120;head_arms;FALSE
542;Leavanny;Bug;75;103;80;92;5;Yellow;TRUE;Bug;FALSE;45;bipedal_tailless;FALSE
543;Venipede;Bug;30;45;59;57;5;Red;TRUE;Bug;FALSE;255;insectoid;FALSE
544;Whirlipede;Bug;40;55;99;47;5;Grey;TRUE;Bug;FALSE;120;head_only;FALSE
545;Scolipede;Bug;60;100;89;112;5;Red;TRUE;Bug;FALSE;45;insectoid;FALSE
546;Cottonee;Grass;40;27;60;66;5;Green;TRUE;Grass;FALSE;190;head_only;FALSE
547;Whimsicott;Grass;60;67;85;116;5;Green;TRUE;Grass;FALSE;75;bipedal_tailless;FALSE
548;Petilil;Grass;45;35;50;30;5;Green;TRUE;Grass;FALSE;190;head_base;FALSE
549;Lilligant;Grass;70;60;75;90;5;Green;TRUE;Grass;FALSE;75;head_base;FALSE
550;Basculin;Water;70;92;65;98;5;Green;TRUE;Water_2;FALSE;25;with_fins;FALSE
551;Sandile;Ground;50;72;35;65;5;Brown;TRUE;Field;FALSE;180;quadruped;FALSE
552;Krokorok;Ground;60;82;45;74;5;Brown;TRUE;Field;FALSE;90;quadruped;FALSE
553;Krookodile;Ground;95;117;80;92;5;Red;TRUE;Field;FALSE;45;bipedal_tailed;FALSE
554;Darumaka;Fire;70;90;45;50;5;Red;TRUE;Field;FALSE;120;bipedal_tailless;FALSE
555;Darmanitan;Fire;105;140;55;95;5;Red;TRUE;Field;FALSE;60;quadruped;FALSE
556;Maractus;Grass;75;86;67;60;5;Green;TRUE;Grass;FALSE;255;head_base;FALSE
557;Dwebble;Bug;50;65;85;55;5;Red;TRUE;Bug;FALSE;190;insectoid;FALSE
558;Crustle;Bug;70;95;125;45;5;Red;TRUE;Bug;FALSE;75;insectoid;FALSE
559;Scraggy;Dark;50;75;70;48;5;Yellow;TRUE;Field;FALSE;180;bipedal_tailed;FALSE
560;Scrafty;Dark;65;90;115;58;5;Red;TRUE;Field;FALSE;90;bipedal_tailed;FALSE
561;Sigilyph;Psychic;72;58;80;97;5;Black;TRUE;Flying;FALSE;45;two_wings;FALSE
562;Yamask;Ghost;38;30;85;30;5;Black;TRUE;Mineral;FALSE;190;head_arms;FALSE
563;Cofagrigus;Ghost;58;50;145;30;5;Yellow;TRUE;Mineral;FALSE;90;head_base;FALSE
564;Tirtouga;Water;54;78;103;22;5;Blue;TRUE;Water_1;FALSE;45;quadruped;FALSE
565;Carracosta;Water;74;108;133;32;5;Blue;TRUE;Water_1;FALSE;45;bipedal_tailed;FALSE
566;Archen;Rock;55;112;45;70;5;Yellow;TRUE;Flying;FALSE;45;two_wings;FALSE
567;Archeops;Rock;75;140;65;110;5;Yellow;TRUE;Flying;FALSE;45;two_wings;FALSE
568;Trubbish;Poison;50;50;62;65;5;Green;TRUE;Mineral;FALSE;190;bipedal_tailless;FALSE
569;Garbodor;Poison;80;95;82;75;5;Green;TRUE;Mineral;FALSE;60;bipedal_tailless;FALSE
570;Zorua;Dark;40;65;40;65;5;Grey;TRUE;Field;FALSE;75;quadruped;FALSE
571;Zoroark;Dark;60;105;60;105;5;Grey;TRUE;Field;FALSE;45;bipedal_tailed;FALSE
572;Minccino;Normal;55;50;40;75;5;Grey;TRUE;Field;FALSE;255;quadruped;FALSE
573;Cinccino;Normal;75;95;60;115;5;Grey;TRUE;Field;FALSE;60;quadruped;FALSE
574;Gothita;Psychic;45;30;50;45;5;Purple;TRUE;Human-Like;FALSE;200;bipedal_tailless;FALSE
575;Gothorita;Psychic;60;45;70;55;5;Purple;TRUE;Human-Like;FALSE;100;bipedal_tailless;FALSE
576;Gothitelle;Psychic;70;55;95;65;5;Purple;TRUE;Human-Like;FALSE;50;bipedal_tailless;FALSE
577;Solosis;Psychic;45;30;40;20;5;Green;TRUE;Amorphous;FALSE;200;head_only;FALSE
578;Duosion;Psychic;65;40;50;30;5;Green;TRUE;Amorphous;FALSE;100;head_only;FALSE
579;Reuniclus;Psychic;110;65;75;30;5;Green;TRUE;Amorphous;FALSE;50;head_arms;FALSE
580;Ducklett;Water;62;44;50;55;5;Blue;TRUE;Water_1;FALSE;190;two_wings;FALSE
581;Swanna;Water;75;87;63;98;5;White;TRUE;Water_1;FALSE;45;two_wings;FALSE
582;Vanillite;Ice;36;50;50;44;5;White;TRUE;Mineral;FALSE;255;head_base;FALSE
583;Vanillish;Ice;51;65;65;59;5;White;TRUE;Mineral;FALSE;120;head_base;FALSE
584;Vanilluxe;Ice;71;95;85;79;5;White;TRUE;Mineral;FALSE;45;multiple_bodies;FALSE
585;Deerling;Normal;60;60;50;75;5;Yellow;TRUE;Field;FALSE;190;quadruped;FALSE
586;Sawsbuck;Normal;80;100;70;95;5;Brown;TRUE;Field;FALSE;75;quadruped;FALSE
587;Emolga;Electric;55;75;60;103;5;White;TRUE;Field;FALSE;200;quadruped;FALSE
588;Karrablast;Bug;50;75;45;60;5;Blue;TRUE;Bug;FALSE;200;bipedal_tailless;FALSE
589;Escavalier;Bug;70;135;105;20;5;Grey;TRUE;Bug;FALSE;75;head_arms;FALSE
590;Foongus;Grass;69;55;45;15;5;White;TRUE;Grass;FALSE;190;head_arms;FALSE
591;Amoonguss;Grass;114;85;70;30;5;Grey;TRUE;Grass;FALSE;75;head_arms;FALSE
592;Frillish;Water;55;40;50;40;5;White;TRUE;Amorphous;FALSE;190;several_limbs;FALSE
593;Jellicent;Water;100;60;70;60;5;White;TRUE;Amorphous;FALSE;60;several_limbs;FALSE
594;Alomomola;Water;165;75;80;65;5;Pink;TRUE;Water_1;FALSE;75;with_fins;FALSE
595;Joltik;Bug;50;47;50;65;5;Yellow;TRUE;Bug;FALSE;190;insectoid;FALSE
596;Galvantula;Bug;70;77;60;108;5;Yellow;TRUE;Bug;FALSE;75;insectoid;FALSE
597;Ferroseed;Grass;44;50;91;10;5;Grey;TRUE;Grass;FALSE;255;head_only;FALSE
598;Ferrothorn;Grass;74;94;131;20;5;Grey;TRUE;Grass;FALSE;90;several_limbs;FALSE
599;Klink;Steel;40;55;70;30;5;Grey;FALSE;Mineral;FALSE;130;multiple_bodies;FALSE
600;Klang;Steel;60;80;95;50;5;Grey;FALSE;Mineral;FALSE;60;multiple_bodies;FALSE
601;Klinklang;Steel;60;100;115;90;5;Grey;FALSE;Mineral;FALSE;30;multiple_bodies;FALSE
602;Tynamo;Electric;35;55;40;60;5;White;TRUE;Amorphous;FALSE;190;with_fins;FALSE
603;Eelektrik;Electric;65;85;70;40;5;Blue;TRUE;Amorphous;FALSE;60;with_fins;FALSE
604;Eelektross;Electric;85;115;80;50;5;Blue;TRUE;Amorphous;FALSE;30;with_fins;FALSE
605;Elgyem;Psychic;55;55;55;30;5;Grey;TRUE;Human-Like;FALSE;255;bipedal_tailed;FALSE
606;Beheeyem;Psychic;75;75;75;40;5;Brown;TRUE;Human-Like;FALSE;90;bipedal_tailless;FALSE
607;Litwick;Ghost;50;30;55;20;5;White;TRUE;Amorphous;FALSE;190;head_base;FALSE
608;Lampent;Ghost;60;40;60;55;5;Black;TRUE;Amorphous;FALSE;90;head_arms;FALSE
609;Chandelure;Ghost;60;55;90;80;5;Black;TRUE;Amorphous;FALSE;45;head_arms;FALSE
610;Axew;Dragon;46;87;60;57;5;Green;TRUE;Monster;FALSE;75;bipedal_tailed;FALSE
611;Fraxure;Dragon;66;117;70;67;5;Green;TRUE;Monster;FALSE;60;bipedal_tailed;FALSE
612;Haxorus;Dragon;76;147;90;97;5;Yellow;TRUE;Monster;FALSE;45;bipedal_tailed;FALSE
613;Cubchoo;Ice;55;70;40;40;5;Blue;TRUE;Field;FALSE;120;bipedal_tailed;FALSE
614;Beartic;Ice;95;110;80;50;5;White;TRUE;Field;FALSE;60;quadruped;FALSE
615;Cryogonal;Ice;70;50;30;105;5;Blue;FALSE;Mineral;FALSE;25;head_only;FALSE
616;Shelmet;Bug;50;40;85;25;5;Red;TRUE;Bug;FALSE;200;head_only;FALSE
617;Accelgor;Bug;80;70;40;145;5;Red;TRUE;Bug;FALSE;75;head_arms;FALSE
618;Stunfisk;Ground;109;66;84;32;5;Brown;TRUE;Water_1;FALSE;75;with_fins;FALSE
619;Mienfoo;Fighting;45;85;50;65;5;Yellow;TRUE;Field;FALSE;180;bipedal_tailed;FALSE
620;Mienshao;Fighting;65;125;60;105;5;Purple;TRUE;Field;FALSE;45;bipedal_tailed;FALSE
621;Druddigon;Dragon;77;120;90;48;5;Red;TRUE;Dragon;FALSE;45;bipedal_tailed;FALSE
622;Golett;Ground;59;74;50;35;5;Green;FALSE;Mineral;FALSE;190;bipedal_tailless;FALSE
623;Golurk;Ground;89;124;80;55;5;Green;FALSE;Mineral;FALSE;90;bipedal_tailless;FALSE
624;Pawniard;Dark;45;85;70;60;5;Red;TRUE;Human-Like;FALSE;120;bipedal_tailless;FALSE
625;Bisharp;Dark;65;125;100;70;5;Red;TRUE;Human-Like;FALSE;45;bipedal_tailless;FALSE
626;Bouffalant;Normal;95;110;95;55;5;Brown;TRUE;Field;FALSE;45;quadruped;FALSE
627;Rufflet;Normal;70;83;50;60;5;White;TRUE;Flying;FALSE;190;two_wings;FALSE
628;Braviary;Normal;100;123;75;80;5;Red;TRUE;Flying;FALSE;60;two_wings;FALSE
629;Vullaby;Dark;70;55;75;60;5;Brown;TRUE;Flying;FALSE;190;two_wings;FALSE
630;Mandibuzz;Dark;110;65;105;80;5;Brown;TRUE;Flying;FALSE;60;two_wings;FALSE
631;Heatmor;Fire;85;97;66;65;5;Red;TRUE;Field;FALSE;90;bipedal_tailed;FALSE
632;Durant;Bug;58;109;112;109;5;Grey;TRUE;Bug;FALSE;90;insectoid;FALSE
633;Deino;Dark;52;65;50;38;5;Blue;TRUE;Dragon;FALSE;45;quadruped;FALSE
634;Zweilous;Dark;72;85;70;58;5;Blue;TRUE;Dragon;FALSE;45;quadruped;FALSE
635;Hydreigon;Dark;92;105;90;98;5;Blue;TRUE;Dragon;FALSE;45;bipedal_tailed;FALSE
636;Larvesta;Bug;55;85;55;60;5;White;TRUE;Bug;FALSE;45;insectoid;FALSE
637;Volcarona;Bug;85;60;65;100;5;White;TRUE;Bug;FALSE;15;four_wings;FALSE
638;Cobalion;Steel;91;90;129;108;5;Blue;FALSE;Undiscovered;FALSE;3;quadruped;TRUE
639;Terrakion;Rock;91;129;90;108;5;Grey;FALSE;Undiscovered;FALSE;3;quadruped;TRUE
640;Virizion;Grass;91;90;72;108;5;Green;FALSE;Undiscovered;FALSE;3;quadruped;TRUE
641;Tornadus;Flying;79;115;70;111;5;Green;TRUE;Undiscovered;FALSE;3;head_arms;TRUE
642;Thundurus;Electric;79;115;70;111;5;Blue;TRUE;Undiscovered;FALSE;3;head_arms;TRUE
643;Reshiram;Dragon;100;120;100;90;5;White;FALSE;Undiscovered;FALSE;3;two_wings;TRUE
644;Zekrom;Dragon;100;150;120;90;5;Black;FALSE;Undiscovered;FALSE;3;bipedal_tailed;TRUE
645;Landorus;Ground;89;125;90;101;5;Brown;TRUE;Undiscovered;FALSE;3;head_arms;TRUE
646;Kyurem;Dragon;125;130;90;95;5;Grey;FALSE;Undiscovered;FALSE;3;bipedal_tailed;TRUE
647;Keldeo;Water;91;72;90;108;5;Yellow;FALSE;Undiscovered;FALSE;3;quadruped;FALSE
648;Meloetta;Normal;100;77;77;90;5;White;FALSE;Undiscovered;FALSE;3;bipedal_tailless;FALSE
649;Genesect;Bug;71;120;95;99;5;Purple;FALSE;Undiscovered;FALSE;3;bipedal_tailless;FALSE
650;Chespin;Grass;56;61;65;38;6;Green;TRUE;Field;FALSE;45;bipedal_tailed;FALSE
651;Quilladin;Grass;61;78;95;57;6;Green;TRUE;Field;FALSE;45;bipedal_tailed;FALSE
652;Chesnaught;Grass;88;107;122;64;6;Green;TRUE;Field;FALSE;45;bipedal_tailed;FALSE
653;Fennekin;Fire;40;45;40;60;6;Red;TRUE;Field;FALSE;45;quadruped;FALSE
654;Braixen;Fire;59;59;58;73;6;Red;TRUE;Field;FALSE;45;bipedal_tailed;FALSE
655;Delphox;Fire;75;69;72;104;6;Red;TRUE;Field;FALSE;45;bipedal_tailed;FALSE
656;Froakie;Water;41;56;40;71;6;Blue;TRUE;Water_1;FALSE;45;quadruped;FALSE
657;Frogadier;Water;54;63;52;97;6;Blue;TRUE;Water_1;FALSE;45;bipedal_tailless;FALSE
658;Greninja;Water;72;95;67;122;6;Blue;TRUE;Water_1;FALSE;45;bipedal_tailless;FALSE
659;Bunnelby;Normal;38;36;38;57;6;Brown;TRUE;Field;FALSE;255;bipedal_tailed;FALSE
660;Diggersby;Normal;85;56;77;78;6;Brown;TRUE;Field;FALSE;127;bipedal_tailed;FALSE
661;Fletchling;Normal;45;50;43;62;6;Red;TRUE;Flying;FALSE;255;two_wings;FALSE
662;Fletchinder;Fire;62;73;55;84;6;Red;TRUE;Flying;FALSE;120;two_wings;FALSE
663;Talonflame;Fire;78;81;71;126;6;Red;TRUE;Flying;FALSE;45;two_wings;FALSE
664;Scatterbug;Bug;38;35;40;35;6;Black;TRUE;Bug;FALSE;255;insectoid;FALSE
665;Spewpa;Bug;45;22;60;29;6;Black;TRUE;Bug;FALSE;120;head_base;FALSE
666;Vivillon;Bug;80;52;50;89;6;Black;TRUE;Bug;FALSE;45;four_wings;FALSE
667;Litleo;Fire;62;50;58;72;6;Brown;TRUE;Field;FALSE;220;quadruped;FALSE
668;Pyroar;Fire;86;68;72;106;6;Brown;TRUE;Field;FALSE;65;quadruped;FALSE
669;Flabébé;Fairy;44;38;39;42;6;White;TRUE;Fairy;FALSE;225;head_arms;FALSE
670;Floette;Fairy;54;45;47;52;6;White;TRUE;Fairy;FALSE;120;head_arms;FALSE
671;Florges;Fairy;78;65;68;75;6;White;TRUE;Fairy;FALSE;45;head_arms;FALSE
672;Skiddo;Grass;66;65;48;52;6;Brown;TRUE;Field;FALSE;200;quadruped;FALSE
673;Gogoat;Grass;123;100;62;68;6;Brown;TRUE;Field;FALSE;45;quadruped;FALSE
674;Pancham;Fighting;67;82;62;43;6;White;TRUE;Field;FALSE;220;bipedal_tailed;FALSE
675;Pangoro;Fighting;95;124;78;58;6;White;TRUE;Field;FALSE;65;bipedal_tailless;FALSE
676;Furfrou;Normal;75;80;60;102;6;White;TRUE;Field;FALSE;160;quadruped;FALSE
677;Espurr;Psychic;62;48;54;68;6;Grey;TRUE;Field;FALSE;190;bipedal_tailed;FALSE
678;Meowstic;Psychic;74;48;76;104;6;White;TRUE;Field;FALSE;75;bipedal_tailed;FALSE
679;Honedge;Steel;45;80;100;28;6;Brown;TRUE;Mineral;FALSE;180;head_base;FALSE
680;Doublade;Steel;59;110;150;35;6;Brown;TRUE;Mineral;FALSE;90;multiple_bodies;FALSE
681;Aegislash;Steel;60;50;150;60;6;Brown;TRUE;Mineral;FALSE;45;head_base;FALSE
682;Spritzee;Fairy;78;52;60;23;6;Pink;TRUE;Fairy;FALSE;200;head_arms;FALSE
683;Aromatisse;Fairy;101;72;72;29;6;Pink;TRUE;Fairy;FALSE;140;bipedal_tailless;FALSE
684;Swirlix;Fairy;62;48;66;49;6;White;TRUE;Fairy;FALSE;200;head_legs;FALSE
685;Slurpuff;Fairy;82;80;86;72;6;White;TRUE;Fairy;FALSE;140;bipedal_tailless;FALSE
686;Inkay;Dark;53;54;53;45;6;Blue;TRUE;Water_1;FALSE;190;several_limbs;FALSE
687;Malamar;Dark;86;92;88;73;6;Blue;TRUE;Water_1;FALSE;80;head_base;FALSE
688;Binacle;Rock;42;52;67;50;6;Brown;TRUE;Water_3;FALSE;120;multiple_bodies;FALSE
689;Barbaracle;Rock;72;105;115;68;6;Brown;TRUE;Water_3;FALSE;45;multiple_bodies;FALSE
690;Skrelp;Poison;50;60;60;30;6;Brown;TRUE;Water_1;FALSE;225;head_base;FALSE
691;Dragalge;Poison;65;75;90;44;6;Brown;TRUE;Water_1;FALSE;55;head_base;FALSE
692;Clauncher;Water;50;53;62;44;6;Blue;TRUE;Water_1;FALSE;225;insectoid;FALSE
693;Clawitzer;Water;71;73;88;59;6;Blue;TRUE;Water_1;FALSE;55;serpentine_body;FALSE
694;Helioptile;Electric;44;38;33;70;6;Yellow;TRUE;Monster;FALSE;190;bipedal_tailed;FALSE
695;Heliolisk;Electric;62;55;52;109;6;Yellow;TRUE;Monster;FALSE;75;bipedal_tailed;FALSE
696;Tyrunt;Rock;58;89;77;48;6;Brown;TRUE;Monster;FALSE;45;bipedal_tailed;FALSE
697;Tyrantrum;Rock;82;121;119;71;6;Red;TRUE;Monster;FALSE;45;bipedal_tailed;FALSE
698;Amaura;Rock;77;59;50;46;6;Blue;TRUE;Monster;FALSE;45;quadruped;FALSE
699;Aurorus;Rock;123;77;72;58;6;Blue;TRUE;Monster;FALSE;45;quadruped;FALSE
700;Sylveon;Fairy;95;65;65;60;6;Pink;TRUE;Field;FALSE;45;quadruped;FALSE
701;Hawlucha;Fighting;78;92;75;118;6;Green;TRUE;Human-Like;FALSE;100;bipedal_tailless;FALSE
702;Dedenne;Electric;67;58;57;101;6;Yellow;TRUE;Field;FALSE;180;bipedal_tailed;FALSE
703;Carbink;Rock;50;50;150;50;6;Grey;FALSE;Fairy;FALSE;60;head_only;FALSE
704;Goomy;Dragon;45;50;35;40;6;Purple;TRUE;Dragon;FALSE;45;serpentine_body;FALSE
705;Sliggoo;Dragon;68;75;53;60;6;Purple;TRUE;Dragon;FALSE;45;serpentine_body;FALSE
706;Goodra;Dragon;90;100;70;80;6;Purple;TRUE;Dragon;FALSE;45;bipedal_tailed;FALSE
707;Klefki;Steel;57;80;91;75;6;Grey;TRUE;Mineral;FALSE;75;head_only;FALSE
708;Phantump;Ghost;43;70;48;38;6;Brown;TRUE;Grass;FALSE;120;head_arms;FALSE
709;Trevenant;Ghost;85;110;76;56;6;Brown;TRUE;Grass;FALSE;60;several_limbs;FALSE
710;Pumpkaboo;Ghost;49;66;70;51;6;Brown;TRUE;Amorphous;FALSE;120;head_only;FALSE
711;Gourgeist;Ghost;65;90;122;84;6;Brown;TRUE;Amorphous;FALSE;60;head_base;FALSE
712;Bergmite;Ice;55;69;85;28;6;Blue;TRUE;Monster;FALSE;190;quadruped;FALSE
713;Avalugg;Ice;95;117;184;28;6;Blue;TRUE;Monster;FALSE;55;quadruped;FALSE
714;Noibat;Flying;40;30;35;55;6;Purple;TRUE;Flying;FALSE;190;two_wings;FALSE
715;Noivern;Flying;85;70;80;123;6;Purple;TRUE;Flying;FALSE;45;two_wings;FALSE
716;Xerneas;Fairy;126;131;95;99;6;Blue;FALSE;Undiscovered;FALSE;45;quadruped;TRUE
717;Yveltal;Dark;126;131;95;99;6;Red;FALSE;Undiscovered;FALSE;45;two_wings;TRUE
718;Zygarde;Dragon;108;100;121;95;6;Green;FALSE;Undiscovered;FALSE;3;serpentine_body;TRUE
719;Diancie;Rock;50;100;150;50;6;Pink;FALSE;Undiscovered;TRUE;3;head_arms;TRUE
720;Hoopa;Psychic;80;110;60;70;6;Purple;FALSE;Undiscovered;FALSE;3;head_only;TRUE
721;Volcanion;Fire;80;110;120;70;6;Brown;FALSE;Undiscovered;FALSE;3;quadruped;TRUE
